{
	"class_name" : "PinholeCameraParameters",
	"extrinsic" : 
	[
		-0.16023160408392617,
		0.2395162381663242,
		-0.9575791375689765,
		0.0,
		0.081595900193047355,
		-0.96357929625134309,
		-0.25467047121221709,
		0.0,
		-0.98370114472047776,
		-0.11894078985116543,
		0.13485231323637986,
		0.0,
		213.58795374124671,
		-97.489083799486536,
		119.34436297958335,
		1.0
	],
	"intrinsic" : 
	{
		"height" : 1131,
		"intrinsic_matrix" : 
		[
			979.47473168020019,
			0.0,
			0.0,
			0.0,
			979.47473168020019,
			0.0,
			926.5,
			565.0,
			1.0
		],
		"width" : 1854
	},
	"version_major" : 1,
	"version_minor" : 0
}