{
	"class_name" : "PinholeCameraParameters",
	"extrinsic" : 
	[
		0.53335952572814027,
		0.17151787599509133,
		0.8283171098855715,
		0.0,
		0.60783654879041404,
		0.60328814440128731,
		-0.51631206143127273,
		0.0,
		-0.58827064032604259,
		0.77886136958959784,
		0.21751464477456187,
		0.0,
		0.027646271709625747,
		0.077683369499299326,
		4.2388235486689547,
		1.0
	],
	"intrinsic" : 
	{
		"height" : 1131,
		"intrinsic_matrix" : 
		[
			979.47473168020019,
			0.0,
			0.0,
			0.0,
			979.47473168020019,
			0.0,
			926.5,
			565.0,
			1.0
		],
		"width" : 1854
	},
	"version_major" : 1,
	"version_minor" : 0
}